#2. Подумать, какие операции являются транзакционными, и написать несколько примеров с транзакционными запросами.

# Поменяем местами зарплаты сотрудникам с самой большой ЗП и с самой маленькой.
USE employees;
BEGIN;
	SET @max_zp := (SELECT MAX(`salary`) FROM `shtat`);
    SET @min_zp := (SELECT MIN(`salary`) FROM `shtat`);
    SET @max_zp_emp_id := (SELECT `id` FROM `shtat` WHERE `salary` = @max_zp);
    SET @min_zp_emp_id := (SELECT `id` FROM `shtat` WHERE `salary` = @min_zp);
    UPDATE `shtat` SET `salary` = @max_zp WHERE `id` = @min_zp_emp_id;
    UPDATE `shtat` SET `salary` = @min_zp WHERE `id` = @max_zp_emp_id;
COMMIT;
SELECT * FROM employees.shtat;

#Проанализировать несколько запросов с помощью EXPLAIN.
mysql> EXPLAIN `shtat`;
+----------+-------------+------+-----+---------+----------------+
| Field    | Type        | Null | Key | Default | Extra          |
+----------+-------------+------+-----+---------+----------------+
| id       | int(11)     | NO   | PRI | NULL    | auto_increment |
| name     | varchar(25) | NO   |     | NULL    |                |
| lastname | varchar(30) | NO   |     | NULL    |                |
| dept     | int(11)     | YES  |     | NULL    |                |
| position | varchar(40) | YES  |     | NULL    |                |
| salary   | int(11)     | NO   |     | NULL    |                |
+----------+-------------+------+-----+---------+----------------+
6 rows in set (0,01 sec)


mysql> mysql> SHOW INDEX FROM `shtat`;
+-------+------------+----------+--------------+-------------+-----------+-------------+----------+--------+------+------------+---------+---------------+---------+------------+
| Table | Non_unique | Key_name | Seq_in_index | Column_name | Collation | Cardinality | Sub_part | Packed | Null | Index_type | Comment | Index_comment | Visible | Expression |
+-------+------------+----------+--------------+-------------+-----------+-------------+----------+--------+------+------------+---------+---------------+---------+------------+
| shtat |          0 | PRIMARY  |            1 | id          | A         |           8 |     NULL |   NULL |      | BTREE      |         |               | YES     | NULL       |
+-------+------------+----------+--------------+-------------+-----------+-------------+----------+--------+------+------------+---------+---------------+---------+------------+
1 row in set (0,00 sec)

mysql> SELECT `name`, `lastname` FROM `shtat` WHERE `salary` >= (SELECT AVG(`salary`) FROM `shtat`);
+------------------+----------------------+
| name             | lastname             |
+------------------+----------------------+
| Антон            | Полонников           |
| Алена            | Звягинцева           |
| Владимир         | Питерский            |
+------------------+----------------------+
3 rows in set (0,00 sec)
mysql> EXPLAIN SELECT `name`, `lastname` FROM `shtat` WHERE `salary` >= (SELECT AVG(`salary`) FROM `shtat`);
+----+-------------+-------+------------+------+---------------+------+---------+------+------+----------+-------------+
| id | select_type | table | partitions | type | possible_keys | key  | key_len | ref  | rows | filtered | Extra       |
+----+-------------+-------+------------+------+---------------+------+---------+------+------+----------+-------------+
|  1 | PRIMARY     | shtat | NULL       | ALL  | NULL          | NULL | NULL    | NULL |    8 |    33.33 | Using where |
|  2 | SUBQUERY    | shtat | NULL       | ALL  | NULL          | NULL | NULL    | NULL |    8 |   100.00 | NULL        |
+----+-------------+-------+------------+------+---------------+------+---------+------+------+----------+-------------+
2 rows in set, 1 warning (0,00 sec)

CREATE INDEX `salary_index` ON `shtat` (`salary`);

#После создания индекса
mysql> EXPLAIN SELECT `name`, `lastname` FROM `shtat` WHERE `salary` >= (SELECT AVG(`salary`) FROM `shtat`);
+----+-------------+-------+------------+-------+---------------+--------------+---------+------+------+----------+-------------+
| id | select_type | table | partitions | type  | possible_keys | key          | key_len | ref  | rows | filtered | Extra       |
+----+-------------+-------+------------+-------+---------------+--------------+---------+------+------+----------+-------------+
|  1 | PRIMARY     | shtat | NULL       | range | salary_index  | salary_index | 4       | NULL |    3 |   100.00 | Using where |
|  2 | SUBQUERY    | shtat | NULL       | index | NULL          | salary_index | 4       | NULL |    8 |   100.00 | Using index |
+----+-------------+-------+------------+-------+---------------+--------------+---------+------+------+----------+-------------+
2 rows in set, 1 warning (0,00 sec)
